article,type,title,latitude,longitude,description,in_croatia
Brač,see,Pustinja Blaca,43.293056,16.529444,"A former monastery originating from 1551, now a museum run by two brothers. In the 2007 the hermitage was included in the UNESCO World Heritage Tentative List.",True
Brač,see,Vidova gora,43.279392,16.620083,"It is the highest mountain of all Adriatic islands. It has a great view to the Zlatni Rat beach, place Bol and islands Hvar and Vis.",True
Šibenik,other,Turističko informativni centar,43.736189,15.888596,,True
Šibenik,other,Turistička zajednica grada Šibenika,43.735288,15.890857,,True
Šibenik,see,Turistička zajednica Šibensko-Kninske Županije,43.735288,15.890857,,True
Šibenik,other,Autobusni kolodvor Šibenik,43.7321,15.893011,"Šibenik is well connected by bus with Croatia, surrounding countries and Central Europe (Dortmund, Ljubljana...). Left luggage service is available.",True
Šibenik,other,Trajektno pristanište,43.730282,15.89432,"Local ferries  are operating from the port to Kaprije, Prvic Luka, Sepurine, Vodice, Zirje and Zlarin.",True
Šibenik,other,Kolodvor Šibenik,43.730259,15.897979,Šibenik is connected to the Croatian railway network by ''Šibenik-Perković'' line. From Perković there are some connections to Split and Zagreb. Unfortunately the trains are quite slow there and the current schedule renders it virtually useless for a traveler.,True
Šibenik,see,Katedrala sv. Jakova,43.73567,15.889149,"This basilica is considered as one of the major attraction in the city. It is on the UNESCO World Heritage list. Construction started in 1431, and it was not finished until 1536 due to Turkish wars. Several successive architects built it completely in stone in the 15th and 16th centuries, both in Gothic and in Renaissance style. The interlocking stone slabs of the Cathedral's roof were damaged when the city was shelled by Serbian forces in 1991. The damage has since been repaired. It has a beautiful baptistery worth seeing it, and the curiosity is it has been built with stone only, without any kind of binder. Another one is 72 human heads carved in stone on the external part which belong to unknown individuals, passers-by, sailors, merchants and peasants who posed as the cathedral was being built. Statues of Adam and Eve are also curious; Adam is covering his breasts, and Eve is covering not her breasts, but her stomach.",True
Šibenik,see,Gradska vijećnica,43.735808,15.889497,"Formerly known as ''Plathei Communis'', it was built from 1533-1536.",True
Šibenik,see,Crkva sv. Barbare,43.735302,15.889642,A beautiful small church dating from the 15th century with an asymmetric facade with a clock. Now it houses the ''Muzej crkvene umjetnosti'' (Museum of Church Art).,True
Šibenik,see,Biskupska palača,43.735571,15.889017,(1439-1441),True
Šibenik,see,Kneževa palača,43.73524,15.889159,,True
Šibenik,see,Četiri bunara,43.736109,15.888878,"It is an underground complex of water reservoirs, built in the 15th century for city's water supply. Now it's a multimedia exhibition center ''Bunari - Tajne Šibenika'' (""Bunari - Secrets of Sibenik""). The reservoirs are now dry and decorated as a museum/gallery and a cafe. It has 7 sections: (Šibenik's treasure, food and drink, shipwrecks around Šibenik, persons from the past etc.). Concerts, stand-up comedy shows etc. often take place at the cafe. Very interesting spot.",True
Šibenik,see,Crkva i smostan sv. Frane,43.733846,15.891989,Dating from the 16th century,True
Šibenik,see,Perivoj Roberta Visianija,43.733893,15.892906,"A nicely decorated little park with fountains dedicated to Roberto de Visiani – botanist, poet and philosopher who was born in Šibenik",True
Šibenik,see,Srednjovjekovni vrt sv.Lovre,43.73612,15.890001,"Extremely rare medieval monastery garden, restaurated in 2007 by Dragutin Kiš, who won a millenium Flora award in Japan in 2000. Won the first prize at school gardens contest in Croatia. It contains various plants, especially those used in pharmacy and as spices. It has a quiet cafe, where you can quietly enjoy the view to the Šibenik's old part and the sea, the atmosphere and the odor.",True
Šibenik,see,Tvrđava sv. Mihovila,43.737616,15.889556,"Ruins of the 13th century now converted into a summer stage. It's an empty shell inside, but views onto surrounding city and the bay are quite promising.",True
Šibenik,do,Walk or cycle along the Kanal sv. Ante,43.718962,15.859848,,True
Šibenik,do,Fortress of St. Michael,43.718962,15.859848,"The Fortress of St. Michael is located at a height of 70m above the sea behind the old city agglomeration. Great view of city of Sibenik, Sibenik Bay and channel.",True
Dubrovnik,sleep,Guest House Letizia,42.65978,18.089944,"Free WiFi, a garden and a shared terrace looking out to Gruž Bay. Bright rooms with wooden floors, some have a private balcony. Stone barbecue on the terrace. Guests can also cook in a shared open-plan kitchen, a dining table for 6 is provided, no extra charge is levied for those services.",True
Dubrovnik,sleep,Dubrovnik Backpacker's Club,42.65978,18.089944,"Awarded as best hostel in Croatia. Home turned into a backpackers hot spot. Family run with location on Lapad, popular after its beaches and green parks but still just 10 min ride from old town and crowds. No booking fee for booking through their website.",True
Dubrovnik,sleep,Youth Hostel Dubrovnik,42.65978,18.089944,"82 beds. The atmosphere leaves something to be desired, but it's usually filled with interesting people up for a chat on the balcony.",True
Dubrovnik,sleep,Hotel Adriatic Dubrovnik,42.65978,18.089944,Park and sea view rooms. The city centre is reachable by bus.,True
Dubrovnik,sleep,Hotel Komodor,42.65978,18.089944,"Swimming pool, complimentary breakfast, free parking for hotel guests and free WIFI in public spaces.",True
Dubrovnik,sleep,Hotel Neptun Dubrovnik,42.65978,18.089944,"Renovated in 2008. 9-story tower with 79 rooms and 12 family suites, all have air-con, a balcony with sea-view and free WiFi.",True
Dubrovnik,sleep,Hotel Lero,42.65978,18.089944,"Recently renovated city hotel with 155 contemporary designed rooms. Sea views and equipped with regular three star amenities with air-con. Free parking, free WiFi.",True
Dubrovnik,sleep,Hotel Petka,42.65978,18.089944,"Convenient for island hopping. Clean air-con rooms, restaurant.",True
Dubrovnik,sleep,Hotel Splendid,42.65978,18.089944,"Hotel Splendid is situated in a Mediterranean garden on a pebble beach in Dubrovnik’s Lapad Bay.It offers free parking for hotel guests, complimentary breakfast, free wi-fi in public spaces.",True
Dubrovnik,sleep,Hotel Vis,42.65978,18.089944,"Hotel Vis is situated on a pebble beach in Dubrovnik’s Lapad Bay.It offers parking for hotel guests, complimentary breakfast,wi-fi in public spaces.",True
Dubrovnik,sleep,Pension Stankovich,42.65978,18.089944,,True
Dubrovnik,sleep,Dubrovnik b&b,42.65978,18.089944,,True
Dubrovnik,sleep,Ariston Hotel,42.65978,18.089944,115 luxury sea and garden view rooms a few miles from the Old Town of Dubrovnik right along the Adriatic Sea.,True
Dubrovnik,sleep,Grand Villa Argentina,42.65978,18.089944,,True
Dubrovnik,sleep,Hilton Imperial Dubrovnik,42.65978,18.089944,5 star hotel near the entrance of the Old Town and overlooking the ancient city walls and fortresses. It was built in 1895 and has 139 rooms and 8 suites.,True
Dubrovnik,sleep,Hotel Bellevue,42.65978,18.089944,"5 star hotel on a clifftop overlooking the Adriatic, 93 rooms on 5 levels. Rooms have a modern nautical themed decor with wooden flooring. Private beach, spa and sauna.",True
Dubrovnik,sleep,Hotel Dubrovnik Palace,42.65978,18.089944,"5 star hotel on a Lapad peninsula, below the park of little Petka woods and with a view to the Elaphite islands.",True
Dubrovnik,sleep,Hotel Excelsior,42.65978,18.089944,5 star hotel of 146 bedrooms and 18 suites. Built in 1913 and completely renovated in 1998 overlooking the Old City. Walking distance to the beaches and Old City,True
Dubrovnik,sleep,Hotel Uvala,42.65978,18.089944,"Conference and spa facilities, swimming pools, parking for hotel guests and WiFi in public spaces.",True
Dubrovnik,sleep,Pucic Palace,42.65978,18.089944,19 room 5 star hotel.,True
Dubrovnik,sleep,"Radisson Blu Resort & Spa, Dubrovnik Sun Gardens",42.65978,18.089944,"5 star beachside resort, 15 km from the centre of Dubrovnik.",True
Dubrovnik,other,Dubrovnik Travel Corner,42.65978,18.089944,"You can book tours, go online, leave your luggage or make international calls.",True
Karlovac,do,Mountain Biking,45.4927,15.5504,Mountain biking is recommended. Lots of preserved trails all around the city and enthusiastic bikers who'll gladly guide you.,True
Karlovac,do,Swimming / Rafting / Kayaking,45.4927,15.5504,Great swimming in summer months in Karlovac rivers Korana and near by Mrežnica with rafting and kayaking.,True
Karlovac,do,Karlovacki Dani Piva,45.4927,15.5504,"Annual beer festival. The most crowded place at that time of summer, with various folks around. You can grab a beer and pretzel and see if there's a music which suits you.",True
Karlovac,do,Karlovac Piano Festival,45.4927,15.5504,"Karlovac Piano Festival is typically held in mid-summer. It consists of piano lessons and master classes with renowned piano pedagogues, concerts and International Piano Competition.",True
Karlovac,sleep,Hostel Na putu,45.4927,15.5504,"Reception: 8am-10pm, Monday-Sunday. Newly opened (August 2014) and first hostel/backpacker style accommodation in the city centre. Owned by an Irish/Croatian couple. Hostel Na putu currently has 20 beds in 5, 7 & 8 bed sized dorms and offers all the usual hostel extras: free linen, free wifi, free tea & coffee, fully equipped kitchen, security lockers and large common areas for socialising.",True
Karlovac,sleep,Hotel Carlstadt,45.4927,15.5504,,True
Karlovac,sleep,Hotel Restaurant Zganjer,45.4927,15.5504,,True
Karlovac,sleep,Hotel Europa,45.4927,15.5504,,True
Karlovac,sleep,Hotel Korana Srakovcic,45.4927,15.5504,Directly on a lake.,True
Korčula,see,Marco Polo's House,42.961833,17.136588,"Tourists can visit what the town claims is the birthplace of famed explorer Marco Polo (Venice, Constantinople, and Korčula all claim this; ""Marco Polo's House"" was built at least a century after he died!)",True
Korčula,see,Town Museum Korčula,42.961507,17.135928,,True
Korčula,see,Cypress-lined stairway on Sveti Antun Hill,42.94545,17.142885,"Climb an avenue of 102 steps, lined with regal cypress trees, to reach the hilltop chapel of Sveti Atun. Entrance to the chapel itself is usually locked but windows allow you to clearly look into the interior at all hours.  Views from the hilltop are good, but the cypress staircase is really the highlight of this destination.",True
Korčula,do,Korkyra Baroque Festival,42.94545,17.142885,An annual series of concerts showcasing a selection of Europe's leading ensembles and soloists specialized in Baroque music.  Ten or so evening concerts are held over a period of two weeks in early September (3–17 September 2016) along with a series of supporting events. Along with the festival's high artistic credentials the event also promotes the richness of Korčula's cultural monuments and the whole town as a unique architectural treasure.,True
Korčula,eat,Konoba Maslina,42.94545,17.142885,"This eatery serves simple, yet delicious local food, such as ''pašticada'' (Dalmatian stewed beef) and ''pogačice'' (deep-fried dough), at very reasonable prices (50-60kn for a main dish). The portions are very generous and the service is amazingly friendly. Its menu mainly consists of meat dishes, not seafood. Drinks are around 10-15kn (for example, 15kn for 0,5l of beer). Don't miss out on the homemade local style cakes for desert (15kn for one portion).",True
Korčula,eat,Konoba Adio Mare,42.94545,17.142885,Delicious and reasonably priced Dalmatian cuisine. The outdoor terrace is often full of tourists. English and German spoken.,True
Korčula,eat,Fisherman's Evenings,42.94545,17.142885,"The towns of Brna (some Fridays), Lombarda (Saturdays), and Vela Luka (Sundays) all host summertime outdoor block parties focused around local cuisine and tradition. For 50–60kn you can get a big plate of a variety of fresh fish from local fishermen. You can also buy local desserts and maybe see some traditional dance.",True
Korčula,eat,Konoba Mijo,42.94545,17.142885,,True
Korčula,drink,Vinum Bonum,42.94545,17.142885,This small winebar is a great place to sample all the local wines and liquors. Knowledgeable and helpful staff. Tapas.,True
Korčula,sleep,Kaleta booking centre,42.94545,17.142885,"Right in the middle of town, across Old Town main gate, offers it all: rooms, apartments, transfers, excursions, the lot. Friendly young staff will take good care of you.",True
Korčula,sleep,Camping Kamp Kalac,42.94545,17.142885,"20 min walking from Korčula town, directly at the beach. There is a small taxi boat between the harbour of Korčula and the Campsite/Hotel, operating twice an hour, for 10 Kn.",True
Milna,other,Car rental eRentaCar,43.32953,16.43657,During the main tourist season in summer it is recommended to book in advance.,True
Milna,eat,Restaurant Plaza,43.32953,16.43657,"As a part of the Illyrian apartment resort, the restaurant's terrace is located directly at the beach shaded by a pine forest. Breakfasts, lunches and dinners in the Mediterranean style (including tasty pizza) are offered by friendly staff.",True
Milna,sleep,Serenity Retreat,43.32953,16.43657,Glorious harbor views from gorgeous stone apartments on hill in old town; terraces; barbeque; garden.  30 seconds from the harbour.  Milna-born host.,True
Novalja,sleep,Camping Strasko,44.548277,14.885466,Cheap camping with beach access. There is also a place to rent tents if needed.,True
Novalja,sleep,Villa Margareta Novalja,44.548277,14.885466,"Red, green and blue apartments. Free Internet access.",True
Osijek,see,Kino Europa,45.587334,18.579532,- modernist architecture,True
Osijek,see,Kino Urania,45.587334,18.579532,- secessionist architecture,True
Osijek,see,Europska Avenija,45.587334,18.579532,magnificent secession style buildings,True
Osijek,see,Zoo,45.587334,18.579532,"The largest zoo park in Croatia, with lots of species of animals.",True
Osijek,eat,Leganini,45.587334,18.579532,"“Lega” means “pal” in the Osijek dialect. The motto of this “friendly café” is “Try something new,” meaning a sandwich wrap instead of čevapi or pljeskavica. The flat bread is made to order, then wrapped around your choice of meats, sauces and fresh vegetables. Located on the way into town on the route from Đakovo highway, this is a good place for a quick bite if you’re hungry after a long drive. They also deliver.",True
Osijek,sleep,Hotel Drava,45.587334,18.579532,,True
Osijek,sleep,Hotel Osijek,45.587334,18.579532,"Hotel Osijek has got 140 rooms, and 7 apartments. The hotel is located on the river bank of the Drava river in the center of the city.",True
Osijek,sleep,Hotel Central,45.587334,18.579532,Hotel Central is located at the central square of the city.,True
Osijek,sleep,Zoo Hotel,45.587334,18.579532,As stated by the name the Zoo Hotel is located at the Osijek Zoo.,True
Osijek,sleep,Hotel Villa Ariston,45.587334,18.579532,Hotel Ariston is located close to the bus and railwaystation.,True
Osijek,sleep,Hotel Villa Sveti Rok,45.587334,18.579532,Sv. Roka 13.,True
Osijek,sleep,slavonika,45.587334,18.579532,"Rent cheap whole house with many free services: Bikes fly rods computer in every room wi fi internet table-tenis darts solar shower chairs for sun grill (broiler, kettle, spit) parasol large table for a terrace various board games (chess, cards, jumbo, monopoly ...) vegetables (gratis basket ecologically grown vegetables from our greenhouses, in season) Badminton...",True
Plitvice Lakes National Park,other,Nacionalni park Plitvička jezera,44.8751,15.6078,,True
Plitvice Lakes National Park,do,Upper Lakes,44.8751,15.6078,"A series of smaller lakes and waterfall cascades between Proscansko lake and Kozjak lake. Numerous walking trails lead visitors around the lakes. The lakes can be reached from Entrance 2 by crossing Kozjak lake with a ferry, which is included in the admission fee. Alternatively, a shuttle bus can be taken to the highest lake and then descended back to the ferry terminal by foot to avoid the climb. There are good indications of walking trails in the park, so a map is not necessary.",True
Plitvice Lakes National Park,do,Lower Lakes,44.89947,15.61084,"A series of lakes below Kozjak lake, carved out in a canyon. Walking trails lead visitors around and over the lakes. The Lower Lakes can be reached from Entrance 1, or from Entrance 2 after traversing Kozjak lake by ferry, which is included in the admission fee of the park. The largest waterfall (Veliki Slap) can be found near Kaluderovac lake.",True
Plitvice Lakes National Park,do,Šupljara cave,44.90003,15.61177,"A cave system between Gavanovac lake and Kaluderovac lake. Stairs are carved out into the rocks, allowing visitors to ascend up to the canyon ridges, or descend down to the hiking trails along the waterfront. The stairs are moist and steep, so good walking shoes are required. Not recommended for children.",True
Plitvice Lakes National Park,do,Plitvička Jezera Boat Rental,44.8806,15.61775,"Rental service for wooden rowing boats, 60 kn per hour. Visitors can explore Kozjak lake and its numerous waterfalls from the water front. Fresh water snakes can often be found sunbathing on tree trunks along the water. Note that it is not allowed to swim or fish in the National Park. Although it is possible to cross Kozjak lake, the boats must be returned to the pier where they are rented.",True
Plitvice Lakes National Park,do,Ski Center Mukinje,44.87119,15.62977,"In winter, the Ski Center of Mukinje is open, offering skiers 3 slopes with a total length of 1 km. Primarily targeted at beginners, the lift is located in the center of the town. Ski equipment can be rented locally.",True
Plitvice Lakes National Park,drink,Robni Centar,44.87406,15.62828,"Supermarket selling a variety of drinks, cooled and uncooled. The most common bottled water of Croatia is JANA, available as mineral water or in many flavored versions. Around 5 - 10 kn per bottle.",True
Plitvice Lakes National Park,eat,Bistro Vučnica,44.87153,15.62935,"Mid-range restaurant in the center of Mukinje, on a 15 minute walk from park entrance 2. Large selection of fresh pizzas for 60 - 90 kn. The largest pizza size is meant for 2 to 3 people. Indoor and outdoor seating available.",True
Plitvice Lakes National Park,eat,Robni Centar,44.87406,15.62828,"Supermarket selling drinks, energy bars, croissants and local pastries for breakfast or lunch, or bread and a wide variety of toppings. Fair prices. Conveniently located on the shortcut path leading from Mukinje to Entrance 2 of the park.",True
Plitvice Lakes National Park,sleep,Guesthouse Bor,44.87155,15.62955,"A small guest house in the center of Mukinje, next to the skiing facilities and the only bistro of the town.",True
Plitvice Lakes National Park,sleep,Miric Inn,44.86795,15.63635,"A small inn, offering mid-range lodging. A bus connection leads to the entrances of the park.",True
Plitvice Lakes National Park,sleep,Cvetkovic Camping,44.86341,15.63997,Camp site 10 minutes from the park entrance. A bus stop at the main road takes guests to the park entrance.,True
Pula,see,Arena,44.87336,13.8502,"The 6th largest surviving Roman amphitheatre. Towering over the nearby buildings this huge structure was barely saved from destruction several times during its life, mostly by various Venetians with plans to take it to Venice stone by stone as demonstration of the might of the Venetian empire. Many stones were taken to build houses and other structures around Pula, but fortunately this practice was stopped before the whole structure was destroyed. Entry gives you access to wander the inside of the Colosseum and visit the caverns beneath. The audio tour is very worthwhile.",True
Pula,see,The Forum,44.87002,13.8422,"The ""Forum"" is the main square in the centre of the city. The square is built on the site of the ancient Roman forum. On the square there is a city hall that was built in the 10th century (parts of an old temple were used for the building as it can be seen on the rear side of the hall) and the Temple of August, from the first century.",True
Pula,sleep,Hostel Pipištrelo,44.86934,13.84183,"Located in the centre of Pula, close to the main town square forum, the rooms are individual mini art galleries and the whole hostel is a design project bursting with spirit.",True
Pula,sleep,Pula Art Hostel,44.86028,13.84778,"Small, family-run, newly refurbished art hostel in the centre of Pula. This hostel offers 2 fully equipped kitchens and beds for couples; grill on  terrace; Free Wi-Fi; 24h access; Cable TV.",True
Pula,sleep,Youth Hostel,44.86028,13.84778,"And youth camp. Not such a nice looking place, but it is situated some ten meters from the beach, so you can almost jump directly from your bedroom right into the sea. (To get there, take bus 2a from the city (3a to return) and get off at Zlatne Stijene then follow the signs.)",True
Pula,sleep,Villa Mihaela,44.86028,13.84778,"3 apartments for 2-4 persons.Each of the apartments has a parking lot, and is equipped with air conditioner, SAT TV, and all other appliances that will make your stay pleasant.",True
Pula,sleep,Apartments Alexandra & Erika,44.86028,13.84778,"Attractive apartments in the proximity of the well known Brijuni Islands national park. A quiet place in a family house, built in 2004. in Štinjan only a few kilometres away from the centre of Pula. Air-con, SAT TV, fridge with freezer, kitchen with all the accessories, cooking stove (electricity+gas), washing machine, balcony.",True
Pula,sleep,Apartments with Swimming pool Slivar,44.86028,13.84778,"3 modern fully equipped apartments for 2-6 persons in a calm part of Pula 150m from the sea and 3km from the beach. The spacious swimming pool in situated in our award winning garden (over 1500m2). Our apartments feature: SAT TV, microwave owen, coffee machine, and two apartments also offer a  wash machine and air condition. We also offer free of charge the use of grill and bikes and a save place",True
Pula,sleep,Amfiteatar Hotel,44.86028,13.84778,"Small modern hotel with en suite, flat screen TV, A/C, free Wi-Fi and a top class restaurant. Conveniently situated for bus, rail and ferry, just 12 minutes from the airport.",True
Split,other,Kolodvor Sukoišan,43.515584,16.443229,It is the main hub for local buses as well as for destinations around Split-Dalmatia county (Splitsko-dalmatinska županija) like Trogir and Solin.,True
Split,other,Tickets,43.515584,16.443229,Are available at kiosks across the city or from a bus driver (only single-journey). Tickets must be validated on board by a yellow machine or given to the driver for validation.,True
Split,drink,Hemingway Bar,43.51747,16.42731,Extremely fancy club.,True
Split,drink,Quasimodo,43.513997,16.43889,Rock and underground music. Mostly full with local alternatives.,True
Split,sleep,Adria Hostel,43.513997,16.43889,Right next to the Adriatic Sea.,True
Split,sleep,Al's Place,43.513997,16.43889,"A great hostel (and the first in Split) run by a British expat named Al, a guy who is passionate about travel and wants his guests to get the most from their stay in Split. He even goes out for a beer with guests sometimes. The hostel is in an 800-year old stone house inside the city walls, small and cozy with only 12 beds in 2 ensuite rooms. There is also kitchen (for guests), and common area, A/C, and laundry.",True
Split,sleep,CroParadise Split Hostel,43.513997,16.43889,LCD televisions and computers with free internet access in every room.,True
Split,sleep,Guesthouse Split,43.513997,16.43889,"Free WiFi, private rooms available",True
Split,sleep,Hostel Split Mediterranean House,43.513997,16.43889,The hostel has been built into an old stone house just outside of the historical centre. Free wifi.,True
Split,sleep,Old Town Hostel,43.513997,16.43889,"Free wifi, 1 shared computer, flat screen TV with a collection of movies.",True
Split,sleep,Pletkovic Hostel,43.513997,16.43889,,True
Split,sleep,Silver Central Hostel,43.513997,16.43889,,True
Split,sleep,SilverGate Hostel,43.513997,16.43889,,True
Split,sleep,Situs Hostel,43.513997,16.43889,,True
Split,sleep,Guesthouse Vrlic,43.513997,16.43889,,True
Split,sleep,Hotel Atrium,43.513997,16.43889,,True
Split,sleep,Hotel Dalmina,43.513997,16.43889,,True
Split,sleep,Hotel Globo,43.513997,16.43889,,True
Split,sleep,Hotel Luxe,43.513997,16.43889,,True
Split,sleep,Hotel Park,43.513997,16.43889,,True
Split,sleep,Hotel Peristil,43.513997,16.43889,,True
Split,sleep,Hotel San Antonio,43.513997,16.43889,54 rooms and 3 suites.,True
Split,sleep,Hotel Vestibul Palace,43.513997,16.43889,,True
Split,sleep,Le Méridien Lav,43.513997,16.43889,,True
Split,sleep,Marmont,43.513997,16.43889,,True
Split,sleep,Radisson Blu,43.513997,16.43889,,True
Split,sleep,Villa Varos Hotel Split,43.513997,16.43889,,True
Split,sleep,Rva Apartments,43.513997,16.43889,On the 'Riva' waterfront promenade with south-facing views of Split Bay.,True
Split,other,DenCall internet-Split,43.513997,16.43889,"17 computers, connection speed: 1,5 Mbit, printing b/w, camera to CD/usb transfer, call centre,  international calling cards, rent-a-bike, luggage storage.",True
Vis,eat,Limoncello,43.0594,16.186,The restaurant has its tables in a charming garden plenty of a Mediterranean mood. Fish is excellent and the dishes cooked on wooden fire are so tasty that is difficult to tell. The choice is also good compared to other places on the island. A must.,True
Vis,eat,Kantun,43.0594,16.186,"Very popular restaurant with the atmosphere of a fisherman house. Very good for ""occasions"". Reservation needed.",True
Vis,eat,Barba,43.0594,16.186,Nice restaurant in Komiza with food cooked on wooden fire.,True
Vis,eat,Jastozera,43.0594,16.186,Pricey lobster house in the town of Komiza.,True
Vis,eat,Bako,43.0594,16.186,"Very cosy place in the town of Komiza. Food is quite good, prices are in the averace. The terrace is really nice, so close to the sea that you can really feel it.",True
Vis,eat,Plaza,43.0594,16.186,"is one of the best, and cheapest!, pizzeria in the town of Komiza. It is located in the town of Komiza near the hotel and the main beach. Prices are around 70 kuna for a meal and the food is rather good.",True
Vis,eat,Dionis,43.0594,16.186,serves great Italian and Dalmatian food at reasonable prices. Try the calamari risotto!,True
Vis,eat,Kolderaj,43.0594,16.186,is a small bakery at the coast where you can get coffee and tea as well.,True
Zadar,other,Zračna luka Zadar,44.096616,15.353458,"The airport shares its airfield with military. It used to be a civic road crossing its taxi lanes, so the traffic was regulated by lifting gates, but it doesn't seem the case anymore. Nevertheless it's an international airport with flights by Croatia Airlines, Eurowings, Ryanair, and few others; various charters in season.",True
Zadar,other,Airport shuttle,44.096616,15.353458,The bus runs to the city's bus station and then continues up to the bus hub at the old town.,True
Zadar,eat,Hungry Eyes,44.12864,15.22091,"Specialized in grilled meat and fish. Large portions, fast service, competitive prices. Suitable for large groups and lunch or dinner with kids. Outside the old town, reachable by public transport (bus 8 Diklo - Kolodvor).",True
Zadar,eat,Mijo,44.13372,15.21527,"Italian restaurant specialized in sea food, pizzas and pasta. Outside the old town, but close to a Borik. A romantic restaurant offering dining inside and outside, great for couples but not for families with kids. Large portions for fair prices.",True
Zadar,drink,Cocktail Bar Mango,44.1386,15.2138,"Lounge bar with a view over the bay. Large selection of alcoholic and non-alcoholic drinks. Comes to life in the early evening, only during the busy summer months.",True
Zadar,drink,The Garden,44.1386,15.2138,"''Bedemi zadarskih pobuna'', ]. A fancy open bar with a lovely view over the harbour, opened by UB40 drummer James Brown. The Garden also hosts an annual electronic music festival.",True
Zadar,drink,The Arsenal,44.1386,15.2138,"Trg tri Bunara. A 17th century. Venetian Naval Warehouse, now a cool Restaurant-Bar-Club.",True
Zadar,sleep,Hotel Kolovare,44.1386,15.2138,The only hotel close to the city center.,True
Zadar,sleep,Youth Hostel,44.1386,15.2138,Friendly.,True
Zadar,sleep,Hotel Adriatic,44.1386,15.2138,"3 star designer hotel, great pool.",True
Zadar,sleep,Hostel Ljepotica,44.1386,15.2138,friendly,True
Zadar,sleep,Falkensteiner Hotel & Spa,44.1954,15.1453,"Falkensteiner Hotel &Spa is a five star hotel, located north of Zadar in Punta Salka peninsula.",True
Zagreb,other,Turistički informativni centar,45.812716,15.978536,,True
Zagreb,other,Zračna luka Zagreb,45.741861,16.069221,The 2nd terminal is under construction.,True
Zagreb,other,Pleso prijevoz,45.741861,16.069221,"Buses leave the airport at 07:00 and every 30 minutes between 08:00 and 20:00. Beyond these hours, there are buses leaving for the bus station every time a Croatia Airlines plane lands. In the opposite direction, from the bus station towards the airport, the buses are scheduled between 04:30 and 20:30. A journey takes approx. 30 min.",True
Zagreb,other,Autobusni Kolodvor Zagreb,45.803667,15.993208,Timetable information and prices can be found at the AKZ website. Numerous Croatian and International coach operators maintain scheduled lines covering all major domestic and European cities.,True
Zagreb,other,Left luggage,45.803667,15.993208,,True
Zagreb,other,Zagreb Glavni kolodvor,45.804677,15.978858,"There are direct services to major European cities such as Vienna (6 hours), Budapest (6.5 hours, one way approx. 9,000 HUF), Zurich, Munich, Salzburg, Ljubljana, Sarajevo (one-way ticket costs 59 BAM), Belgrade as well as domestic services to all major towns (except Dubrovnik). There is also an all-year-round overnight train (with sleeping compartments) between Zagreb and Split (6 hours).",True
Zagreb,see,Zagreb Cathedral,45.81447,15.97985,The Zagreb Cathedral with its twin spires is the most well known landmark of the city. The original cathedral dates back to 1217 but the present structure dates back to 1906. The chief architect was Hermann Bollé.,True
Zagreb,see,St. Mark's Square,45.8163,15.9736,"Located at the centre of St. Mark's Square, St. Mark's Church is known for its colourful roof tiles depicting the coat of arms of Croatia and Zagreb. St. Mark's Church was constructed in 1499.",True
Zagreb,see,St. Catherine's Church,45.8148,15.9744,Baroque style church,True
Zagreb,see,Old Town Gate,45.81575,15.97529,"now a shrine to virgin Mary - the '''""Kamenita vrata""''' where you can light a candle and, as the locals believe, your wish will be granted. Please be silent, even if just passing through the Gate. The portrait of Mary is said to be sacred, because it is the only thing that survived the large fire. Near the Old Town Gate is the sculpture of St. George having slain the dragon. The other statue, him fighting the dragon, is located on the Marshal Tito's Square near the Croatian National Theatre (roughly 1 km away).",True
Zagreb,see,Ribnjak Park,45.8104,15.9782,"the Ribnjak is an English-style park complete with exotic plants, sculptures, and a children's playground. The park was originally the site of Bishop's fish pond.",True
Zagreb,see,Museum of Broken Relationships (Muzej prekinutih veza),45.81496,15.97354,What remains after a break-up? Museum's permanent display is an opportunity to experience a unique emotional journey through dozens of love leftovers collected from all around the world. Museum is also the winner of Kenneth Hudson Award 2011 for the most innovative museum in Europe.,True
Zagreb,see,Klovićevi Dvori Gallery,45.81502,15.97464,"This gallery in the old Jesuit monastery with changing exhibitions introduces Croatian and foreign cultural and artistic heritage across all eras. In most exhibitions, photography without flash is permitted.",True
Zagreb,see,Strossmayer Square,45.8086,15.9787,"Named after Josip Juraj Strossmayer, politician and Roman Catholic Bishop, the Strossmayer Square occupies the central position of the eastern wing of the Lenuci Horseshoe.",True
Zagreb,see,Zrinjevac Square,45.8104,15.9782,the park of the Academy (connecting the Zrinjevac and Tomislav parks).,True
Zagreb,see,King Tomislav Square,45.8064,15.9788,King Tomislav Square is the square overlooking the main railway station (Glavni Kolodvor ) of Zagreb. Decorated with floor beds and fountains and lined with trees it is dominated by a horse mounted statue of King Tomislav.,True
Zagreb,see,Botanical Gardens,45.805,15.9716,,True
Zagreb,see,Mažuranić Square,45.808,15.9701,The central square of the western wing of Lenuci Horseshoe. It is named after Croatian poet Ivan Mažuranić,True
Zagreb,see,Marulić Square,45.8066,15.9701,Marulić Square is the South Western square of Lenuci Horseshoe. It houses the Croatia State Archive. It also has a statue of Marko Marulić.,True
Zagreb,see,Square of Maršal Tito,45.8097,15.9701,One of the largest and greenest squares of Zagreb. It is located on the North Western corner of Lenuci Horseshoe. It has the Croatian National Theatre in its centre.,True
Zagreb,see,Muzej Mimara (Mimara Museum),45.8082,15.9672,"Houses some 3,700 works of art donated by Ante Topić Mimara. The collection comprises more than 1,500 exhibits dating from the prehistoric period up to the 20th century. Some of the most famous exhibits include works by Lorenzetti, Raffaello, Giorgione, Veronese, Caravaggio, Canaletto, 60 paintings by the Dutch masters Rembrandt, Van Goyen, Ruisdael, 50 works by the Flemish masters Van der Weyden, Bosch, Rubens, Van Dyck, more than 30 by the Spanish masters Velasquez, Murillo, Goya, some 20 paintings by the German masters Holbein, Liebermann, Leibl, some 30 paintings by the English painters Gainsborough, Turner, Bonington and more than 120 paintings by the French masters Georges de la Tour, Boucher, Chardin, Delacroix, Corot, Manet, Renoir, Degas.",True
Zagreb,see,Archaeological Museum,45.81094,15.97732,"Possesses over 400,000 objects, not all of them being exhibited. The holdings include evidence of Croatian presence in this area as well as rare samples which have made the museum known to the whole world. The most famous are the Egyptian collection, the Zagreb mummy and bandages with the oldest Etruscan inscription in the world (Liber Linteus Zagrabiensis), as well as the numismatic collection. A part of the museum is set aside for the collection of stone monuments dating back predominantly to the Roman period.",True
Zagreb,see,Art Pavilion in Zagreb,45.8072,15.9787,"Designed by the Hungarian architects Korb and Giergl for the Millennium Exhibition 1896 in Budepest, its iron frame was transported to Zagreb after the exhibition, where the permanent pavillion was built by the famous Viennese designers of theatres in Central Europe Hellmer and Fellmer. It is a neo-classical exhibition complex and one of the landmarks of the city center. The exhibitions are also held in the impressive Meštrović pavilion on Trg žrtava fašizma. Current exhibition: Auguste Rodin - Rodin in Meštrović's Zagreb (until 20-Sep-2015), showing 55 large and small sculptures, 2 paintings and 10 scetches by Rodin and 10 early photographs of Rodin's work by then-famous photographers. Photography is not permitted by order of the Rodin museum in Paris despite the fact that Rodin's work is now in the public domain.",True
Zagreb,see,Croatian National Theatre,45.8094,15.9701,"Croatian National Theatre, Zagreb is located at the centre of Marshal Tito Square. It is built in 1895. There are also Croatian National Theatres in Split, Rijeka, Osijek, Varaždin and Zadar.",True
Zagreb,see,Moderna Galerija (Modern Gallery),45.80914,15.97756,Comprises all relevant fine artists of the 19th and 20th centuries.,True
Zagreb,see,People and Art House Lauba (Kuća za ljude i umjetnost Lauba),45.80914,15.97756,"Presents works from the Filip Trade Collection, a large private collection of modern and contemporary Croatian art and current artistic production.",True
Zagreb,see,Technical Museum,45.804,15.9641,"Has a lot of technical inventions, fire engines, a cabinet of Nikola Tesla, a planetarium and an underground mine.",True
Zagreb,see,The Grounded Sun,45.81224,15.97545,"Prizemljeno sunce by Ivan Kožarić is a 1971 sculpture, a 2 meter wide bronze sphere, which represents the scale model of the Sun, with 9 planets of the solar system in their scaled size compared to this Sun. Mercury is in Margaretska street, a couple of hundred meters to the west, turn right after reaching Cvjetni trg, you should see it on the wall to the right after passing a dozen or so meters. Venus is on the pole of the building with Hypo bank on the Ban Jelačić Square. Earth is in Varšavska street to the left. For other models, click the link of the sculpture above.",True
Zagreb,see,Maksimir Park & Zagreb Zoo,45.8292,16.0207,"The biggest park in Zagreb. Great place to chill out, drink coffee, eat lunch (picnic or at the park's restaurant) or take nice long walks through the forest or by the small lakes. Good for joggers, cyclists, also child and dog friendly. Offers lake rowing. The 85-year old zoo has red pandas.",True
Zagreb,see,Mirogoj Cemetery,45.8353,15.9865,"Mirogoj is the central cemetery of Zagreb. It was opened in 1876 north of the city center. The mortuary, the impressive and picturesque arcades with the church of Christ the King (architect H. Bollé, 1883-1914) make it one of the most impressive cemeteries in the world. Here stand the tombs of notable personalities (including that of basketball hero Drazen Petrovic) who are relevant to Croatian history. To arrive from the central square, go to the nearby Cathedral and take bus number 106 (Kaptol - Mirogoj - Krematorij). The ride takes approximately 10 minutes. Note: the Croatian Day of the Dead is on November 1st. You may find the sight of hundreds of thousands of candles after nightfall impressive and worth seeing, but you may take note that on that day and a few preceding and following days the cemetery will be very busy and quite different from usual peaceful appearance; on those days buses to the cemetery are very frequent but crowded.",True
Zagreb,see,Medvednica and Medvedgrad,45.924,15.991,"The imposing mountain overlooking Zagreb (Medvednica) contains a preserved fortress (Medvedgrad) and fascinating views of the city. Being respectful in the fort is a good idea, since it is the site of the Altar of the Homeland memorial, dedicated to Croatian soldiers who died in the Homeland war. There are several historical festivals during the year, including knights tournaments. (updated Jun 2015)",True
Zagreb,see,Jarun,45.781,15.921,"Jarun Lake is a recreational area based around a large lake where locals go to relax, exercise - and party! The centerpiece of the area is the actual lake itself, which is used for windsurfing and has a large rowing section with spectator stands. There are also shingle beaches surrounding the water, alongside which are several bars that get very busy during the weekends but are also nice for a sunny lunchtime snack. All the bars there are considered 'fancy' places and usually play commercial music.",True
Zagreb,see,Bundek,45.7856,15.9855,"hosts horticultural shows, firework festivals, workshops, concerts and music festivals (mostly during the summer).",True
Zagreb,see,Museum of Contemporary Art,45.7788,15.9818,Follows and presents contemporary trends in fine arts.,True
Zagreb,see,Croatian Museum of Naïve Art,45.81545,15.97335,Houses more than one thousand works belonging to Croatian naïve art.,True
Zagreb,do,Strossmayerovo šetalište,45.81545,15.97335,"(eng. Strossmayer's walkway) In the summer, it is an outdoor scene for painters, musicians and other artists offering food, drinks, performances and concerts. Popular meeting place for all ages, with a great view of the Lower Town.",True
Zagreb,do,Snow Queen Trophy,45.81545,15.97335,"Ladies Night Slalom : Zagreb is the only capital in the world that hosts a Ski World Cup race. The slalom event - known as the ""Snow Queen Trophy"" (Snježna kraljica) - usually takes place in January. It is the most expensive race on the women's world cup tour and an exceptionally popular sporting event in Croatia that attracts a crowd of around 25 thousand people. As of 2007 best skiers in men's competition are also expected to compete on Mount Sljeme that overlooks the city. If you fail to secure your ticket, you can watch the whole event on a giant screen in the Ban Jelačić Square.",True
Zagreb,do,CineStar Zagreb,45.81545,15.97335,"A multiplex cinema (13 screens) in the vicinity of the Sheraton Hotel. The website is in Croatian, but can be understood using a Croatian-English online dictionary.",True
Zagreb,do,CineStar Novi Zagreb,45.81545,15.97335,A multiplex cinema (9 screens) in the vicinity of the Museum of Contemporary Art.,True
Zagreb,do,Cineplexx Centar Kaptol,45.81545,15.97335,A multiplex cinema (5 screens) within the Kaptol Shopping Center situated to the north of the Cathedral.,True
Zagreb,do,Cineplexx City Center one East,45.81545,15.97335,A multiplex cinema (7 screens) located on the east side of Zagreb.,True
Zagreb,do,Kino Tuškanac,45.81545,15.97335,"Showing much more than just European filmography, alternative and older films, sometimes for free, usually costs about 10 HRK (€1.50)",True
Zagreb,buy,Turistički Informativni Centar,45.81545,15.97335,Sells everything ranging from postcards and books to pottery and crystal,True
Zagreb,buy,GEA Gallery,45.81545,15.97335,a wide range of souvenirs that are handmade in Croatia and are very reasonably priced. Very knowledgeable staff.,True
Zagreb,buy,Millennium,45.81545,15.97335,"Pottery, crystal, costume jewelery, and other gifts.",True
Zagreb,buy,Algoritam,45.81545,15.97335,,True
Zagreb,buy,Profil Megastore,45.81545,15.97335,,True
Zagreb,eat,American Doughnut,45.81545,15.97335,A sandwich bar that also serves salads and deserts.,True
Zagreb,eat,Baschiera 2,45.81545,15.97335,Pizza.,True
Zagreb,eat,Bonita,45.81545,15.97335,Popular sandwich bar that also serves pancakes and hot wine in the winter.,True
Zagreb,eat,Colonia,45.81545,15.97335,Pizza.,True
Zagreb,eat,Dvojka,45.81545,15.97335,Pizza.,True
Zagreb,eat,Gigi,45.81545,15.97335,Be sure to visit this pizzeria if you're going to the Jarun lake.,True
Zagreb,eat,Karijola,45.81545,15.97335,Pizza.,True
Zagreb,eat,Koykan World Food,45.81545,15.97335,"Italian piadinas, Japanese teriyaki sticks, oriental wraps, Bubble tea from Taiwan and Japanese mochi cakes.",True
Zagreb,eat,Mamma Mia,45.81545,15.97335,Pizza.,True
Zagreb,eat,MOCA,45.81545,15.97335,"Newly open at the main square serves great and cheap fried, deep fried and baked potatoes with a large variety of dips for takeout.",True
Zagreb,eat,Nocturno,45.81545,15.97335,Pizza.,True
Zagreb,eat,Nova,45.81545,15.97335,Vegetarian.,True
Zagreb,eat,Oliva,45.81545,15.97335,"Italian restaurant (pizza, pasta)",True
Zagreb,eat,Pizza Cut Duck,45.81545,15.97335,A pizza-slice bar that also serves fresh tortillas with veggie and/or meat filling.,True
Zagreb,eat,Pyr,45.81545,15.97335,Vegetarian.,True
Zagreb,eat,Robin Food Catering,45.81545,15.97335,Vegetarian.,True
Zagreb,eat,Sandwich Bar Pingvin,45.81545,15.97335,"Classic sandwich bar with a wide menu and reasonably good mix of languages. One of the most popular dishes is the toplo/hladno (hot/cold), a grilled chicken and vegetables sandwich.",True
Zagreb,eat,Šestica,45.81545,15.97335,Pizza.,True
Zagreb,eat,Stara Sava,45.81545,15.97335,Arguably the best pizzeria in Zagreb.,True
Zagreb,eat,VegeHop,45.81545,15.97335,Vegetarian.,True
Zagreb,eat,Žirafa,45.81545,15.97335,Cheap Mexican food and drinks. Nice summer terrace.,True
Zagreb,eat,Royal India,45.81604,15.97861,Opened in Aug. 2013 Royal India serves authentic Indian Dishes.,True
Zagreb,eat,Asia,45.81604,15.97861,Chinese restaurant,True
Zagreb,eat,Caramba,45.81604,15.97861,Mexican food.,True
Zagreb,eat,Ivica i Marica,45.81604,15.97861,"Wonderful food made only from natural ingredients, many sourced locally.",True
Zagreb,eat,Mali Medo,45.81604,15.97861,"Another traditional Croatian restaurant. Lively atmosphere, youthful clientele, and all very affordable. Excellent ćevapčići and gulaš, not to mention superb beer.",True
Zagreb,eat,Manzoku,45.81604,15.97861,An excellent and so far only Japanese take-out in Zagreb. Tasty but rather expensive.,True
Zagreb,eat,Mex Cantina,45.81604,15.97861,"Mexican food. Good service, great food, on Mondays they offer live music by the best Croatian mariachi band, Los Caballeros starting at 9PM.",True
Zagreb,eat,Pivnica Medvedgrad,45.81604,15.97861,Great food and beer for reasonable prices. Make sure to try 'čvarkuša' (4 HRK).,True
Zagreb,eat,Restaurant Kvatric,45.81604,15.97861,Croatian restaurant with very nice food for a reasonable price. Has a nice terrance in the back garden. Close to tramstop 'Kvaternikov Trg'.,True
Zagreb,eat,Boban,45.81604,15.97861,Italian food.,True
Zagreb,eat,Feniks,45.81604,15.97861,Mexican food.,True
Zagreb,eat,Le Bistro,45.80535,15.97574,A French restaurant within the Regent Esplanade Hotel..,True
Zagreb,eat,Panino,45.80535,15.97574,Nice little restaurant with great service and wonderful food. If you are into French and Istrian style food you will probably love this place.,True
Zagreb,eat,Restaurant Suhina,45.80535,15.97574,An old family-run restaurant on the old Samobor road that offers a variety of roasted food.,True
Zagreb,eat,Srčeko,45.80535,15.97574,A very romantic little restaurant.,True
Zagreb,eat,Takenoko,45.80535,15.97574,"Zagreb may not be synonymous with sushi restaurants, but this is one is superb. It is not cheap, but sushi they make is incredible.",True
Zagreb,eat,Velika Klet Obitelji Bunčić,45.80535,15.97574,"A very popular place that offers Croatian cuisine, live music on weekends, a stable, fish pond and basketball courtyard.",True
Zagreb,eat,100% juice bar,45.80535,15.97574,Pricey but a good place to get a healthy snack or fruit smoothie.,True
Zagreb,eat,Ivica and Marica,45.80535,15.97574,"Offers traditional and diet, diabetic and organic cakes, ice creams and such.",True
Zagreb,eat,SladoMazo,45.80535,15.97574,A pancake restaurant with a wide range of crazy both sweet and satly filling ideas.,True
Zagreb,eat,The Cookie Factory,45.80535,15.97574,"Homebaked American Sweets. Cookies, brownies and bars, krispy treats, muffins, cupcakes, banana breads, scones, cobblers, biscotti, top notch coffee, smoothies, cakes and pies.",True
Zagreb,eat,Torte i To,45.80535,15.97574,"A great little caffe offering the best cheese cake in town, and other great cakes",True
Zagreb,eat,Vincek,45.80535,15.97574,"The local, best known ice cream and cake palace in town center. Offers diet foods.",True
Zagreb,eat,Konoba Didov San,45.80535,15.97574,"The best atmosphere restaurant in Zagreb with excellent food, unique menu, large portions and great location!!",True
Zagreb,eat,Nishta Restaurant,45.81078,15.97313,"100 % Vegetarian food, also has a branch in Dubrovnik",True
Zagreb,drink,Booksa,45.81078,15.97313,A cafe/bookshop/library famous with local young intelectuals.,True
Zagreb,drink,Harlekin,45.81078,15.97313,"Cozy atmosphere, excellent English, free Wi-Fi, delicious drinks, very reasonable prices, great coffee, DJ or live music on weekends.",True
Zagreb,drink,Cica,45.81078,15.97313,"Bar mostly known for its great and varied choice of the local schnappses (rakija). Interesting always changing, gallery-like interior. The whole bar is small but offers outdoor seating. Very popular and crowded, brimming with young business and student clientele.",True
Zagreb,drink,Funk club,45.81078,15.97313,"Cafe / bar that offers various music night programmes in the basement (mostly alternative, dj-s, world music) and spacial backpacker evenings. Very good atmosphere, lots of character, cheap and tasty Rakija shoots and excellent electronic music: funky, electro, jazz, d'n'b, house, dubstep.",True
Zagreb,drink,Golf,45.81078,15.97313,Popular golf-themed cafe/bar.,True
Zagreb,drink,KIC,45.81078,15.97313,Offers free internet and cheap international call center. Hosts a cinema with various alternative movies.,True
Zagreb,drink,Kino Grič,45.81078,15.97313,"Newly re-decorated old cinema. Hosts movies, festivals, music nights and Zagreb's hipster crowd.",True
Zagreb,drink,Krivi Put (Wrong Way),45.81078,15.97313,,True
Zagreb,drink,Mali Medo,45.81078,15.97313,Offers a good choice of local beer and food. Indoors smoking prohibited. Has a terrace facing Tkalčićeva street.,True
Zagreb,drink,Melin,45.81078,15.97313,"A cheap bar brimming with young people and students. Offers indoors, a roofed terraced leveled seating and an open terrace facing Tkalčićeva street. Known for crowds of people often drinking even around the bar, in the park and playground in front of it.",True
Zagreb,drink,Oliver Twist,45.81078,15.97313,A choice of good Irish beer with a great atmosphere. Big summer terrace in front.,True
Zagreb,drink,Pivnica Medvedgrad,45.81078,15.97313,,True
Zagreb,drink,Bar Plan B,45.81078,15.97313,"A cafe/wine bar/sports bar. Attracts a mix of locals and tourists. You can expect music from every genre, and decade, from Jazz to Alternative/Indie.",True
Zagreb,drink,Portal,45.81078,15.97313,"Next to Melin, offers same service, the Portal and Melin crowds often mix at the outdoors terraces.",True
Zagreb,drink,Purgeraj,45.81078,15.97313,"A bar/club located in the Ribnjak park in the city center. Offers mostly rock, blues and alternative music. Daily happy hour when you get two drinks for the price of one. Sometimes hosts concerts. Popular with student crowd esp on Thursdays when it hosts the newly popular ""take me out"" evening offering a mix of indie and alternative music. In the summer, outside Purgeraj, in the Ribnjak park there are live concerts and various workshops offering summer fun under the name 'Park In Zagreb'.",True
Zagreb,drink,Tolkien's House,45.81078,15.97313,"A small fantasy cafe/bar for Tolkien lovers. Offers a variety of beers, cider and hot drinks.",True
Zagreb,drink,Aquarius,45.81078,15.97313,"Saturday night is drum'n'bass & dancehall music, Friday is hip-hop/r'n'b night. Good concerts.",True
Zagreb,drink,BP Club,45.81078,15.97313,Jazz and blues lovers should check it out.,True
Zagreb,drink,Funk club,45.81078,15.97313,"Very good atmosphere, lots of character, cheap and tasty Rakija shoots and excellent electronic music: funky, electro, jazz, d'n'b, house, dubstep!",True
Zagreb,drink,Jabuka,45.81078,15.97313,"Cult club for alternative, punk music. Cheap drinks opened on weekends, often concerts of alternative bands. Mostly visited on weekends, especially Fridays. Admission fee: 25 Kn.",True
Zagreb,drink,KSET,45.81078,15.97313,A popular student club. Offers various indie and alternative programmes every night of the week. Indoors smoking prohibited. Serves only beer and non alcoholic drinks.,True
Zagreb,drink,Medika,45.81078,15.97313,"A local alternative club/legalized squat usually loaded with people during weekends, playing various music genres until the early morning. Best Croatian beers for 10 HRK.",True
Zagreb,drink,Močvara,45.81078,15.97313,"A local alternative club (rock, punk, metal, indie)with various concerts and theme nights/programmes. Sometimes hosts festivals, young indie talent concerts, movie nights, exhibitions etc.",True
Zagreb,drink,SAX! - Klub hrvatskih glazbenika,45.81078,15.97313,"A great place to enjoy live music of a wide array of styles including blues, jazz, rock and pop.",True
Zagreb,drink,Sirup,45.81078,15.97313,"Interesting interior and atmosphere. Good electronic music. A bit expensive entrance fees, but worth seeing.",True
Zagreb,drink,The Best,45.81078,15.97313,Largest club in Zagreb. Mainly dance style music.,True
Zagreb,drink,The Jazz Club,45.81078,15.97313,"Jazz, blues, and funk bands, often from other countries.",True
Zagreb,sleep,All 4 seasons Hostel,45.80573,15.97449,"All 4 seasons is lovely, unusual and pretty much artistic apartment-hostel located just 10 minutes walking distance from the strict center of Zagreb and the Ban Josip Jelačić main city square.",True
Zagreb,sleep,Buzz Hostel,45.80573,15.97449,"Furnished with modern, ikea furniture. Also a location in Split.",True
Zagreb,sleep,Chillout Hostel Zagreb,45.81386,15.9727,"A brand new hostel in the city centre, free linen, free towels, free wifi, 0-24h bar and reception",True
Zagreb,sleep,Dizzy Daisy Hostel Zagreb,45.81386,15.9727,,True
Zagreb,sleep,Fulir Hostel Zagreb,45.81373,15.97552,"2 rooms, including a 12-bed dorm. Great place to meet people, but can be a wait to use the bathroom.",True
Zagreb,sleep,Funk Lounge,45.81373,15.97552,,True
Zagreb,sleep,Hobo Bear Hostel,45.81249,15.96664,"A cozy hostel very near the town center. There is a basement hang out lounge with a TV, including cable and many DVDs, as well as free (fast) internet and computers. The staff is amazingly helpful and speak perfect English, the beds are comfortable and come with free linens and blankets, and there is also a well stocked kitchen facility.",True
Zagreb,sleep,Hostel Carpe Diem,45.81249,15.96664,,True
Zagreb,sleep,Hostel Lika,45.81249,15.96664,Small and cozy hostel a bit out of the city center.,True
Zagreb,sleep,Hostel Mali Mrak Zagreb,45.81249,15.96664,,True
Zagreb,sleep,Nokturno Hostel,45.81249,15.96664,"Free internet access, free linens and towels.",True
Zagreb,sleep,Logistics Youth Centre,45.81249,15.96664,"Logistic youth center, also works as a regional information center. From the host, you can get complete information about everything that interests you. The space has 10 rooms, lobby with fireplace, dining room, kitchen and a cinema hall, where you can stream movies from your laptop. The most interesting part is the terrace with space for tents and 30 seats. Located further from downtown, but the center has its own bus which runs as needed. Parking for approximately 30 vehicles.",True
Zagreb,sleep,Old Town Zagreb Hostel,45.81249,15.96664,,True
Zagreb,sleep,Palmers Lodge Zagreb,45.81249,15.96664,,True
Zagreb,sleep,Ravnice Youth Hostel,45.81249,15.96664,,True
Zagreb,sleep,Hotel Jägerhorn,45.81379,15.97379,"3-star hotel Founded in 1827, Hotel Jägerhorn is the city's oldest standing hotel.",True
Zagreb,sleep,Arcotel Allegra,45.80576,15.98513,"4-star hotel which is Zagreb's first ""lifestyle"" hotel. All rooms are spacious and air-conditioned and feature mini bar, safe, internet connection, bigscreen TV and DVD player. A very cool touch are the free apples supplied in your room in a very funky holder!",True
Zagreb,sleep,Best Western Premier Hotel Astoria,45.80576,15.98513,3-star hotel,True
Zagreb,sleep,Panorama Hotel Zagreb,45.80572,15.95212,4-star hotel.,True
Zagreb,sleep,Hotel Aristos,45.80572,15.95212,4-star hotel.,True
Zagreb,sleep,Hotel As,45.80572,15.95212,4-star hotel.,True
Zagreb,sleep,Hotel Central,45.80546,15.98021,3-star hotel refurbished in 1996.,True
Zagreb,sleep,Hotel Dora,45.80546,15.98021,3 star hotel.,True
Zagreb,sleep,Hotel Dubrovnik,45.81245,15.97672,"4-star hotel. Clean, centrally located, good service. Some rooms are small.",True
Zagreb,sleep,Hotel Holiday,45.7991,15.8785,3-star hotel.,True
Zagreb,sleep,Hotel I,45.772,15.9474,3-star hotel.,True
Zagreb,sleep,Hotel International,45.79887,15.974,3-star hotel.,True
Zagreb,sleep,Hotel Jadran,45.81357,15.98466,3-star hotel. There is a big shopping center near-by - the Importanne Gallery.,True
Zagreb,sleep,Hotel Laguna,45.81357,15.98466,3-star hotel.,True
Zagreb,sleep,Hotel Phoenix,45.81357,15.98466,3-star hotel,True
Zagreb,sleep,Palace Hotel,45.8085,15.9776,4-star hotel. It was built in the Secession style in 1891 and converted into a hotel in 1905. The Arts Pavilion is 50 metres away.,True
Zagreb,sleep,Esplanade Zagreb,45.8052,15.97599,"Built in 1925 for passengers of the famous Orient Express train, which connected Paris and Istanbul. If you can, check the Emerald Ballroom with its soaring dome shaped roof. The hotel also includes the Zinfandel's Restaurant, Le Bistro and the Esplanade 1925, the hotel's lounge and cocktail bar.",True
Zagreb,sleep,Sheraton Zagreb Hotel,45.80726,15.98457,"Features air-conditioned rooms and suites with classic furniture and marbled bathrooms. It also includes King Tomislav Restaurant, Fontana Restaurant, Piano Bar, Café Imperial, 17 meeting rooms and an 800-square-meter Grand Ballroom.",True
Zagreb,sleep,Westin Zagreb,45.8067,15.9661,The hotel was renovated in 2004. It features the legendary Heavenly Bed and Heavenly Shower and probably offers the best view in the city.,True
Zagreb,other,Albania,45.8067,15.9661,,True
Zagreb,other,Australia,45.8067,15.9661,,True
Zagreb,other,Austria,45.8067,15.9661,,True
Zagreb,other,Canada,45.8067,15.9661,,True
Zagreb,other,China,45.8067,15.9661,,True
Zagreb,other,Finland,45.8067,15.9661,,True
Zagreb,other,Germany,45.8067,15.9661,,True
Zagreb,other,Greece,45.8067,15.9661,,True
Zagreb,other,Japan,45.8067,15.9661,,True
Zagreb,other,Macedonia,45.8067,15.9661,,True
Zagreb,other,Norway,45.8067,15.9661,,True
Zagreb,other,South Korea,45.8067,15.9661,,True
Zagreb,other,Switzerland,45.8067,15.9661,,True
Zagreb,other,United Kingdom,45.8067,15.9661,,True
Zagreb,other,United States,45.8067,15.9661,,True
Krka National Park,other,Skradin,43.81895,15.924025,Perhaps that's a better option than Lozovac as Skradin itself is a nice-looking town and a trip to the park will include a short journey by a ferry.,True
Krka National Park,other,Lozovac,43.81895,15.924025,'''NB:''' out of season there is no public transportation from Lozovac down to the park's waterfalls.,True
Krka National Park,other,Lozovac,43.796403,15.968011,The main entrance for tourist groups and individuals traveling by car. In season the park provides a shuttle service from there down to the waterfalls at ''Skradinski buk''. Out of season cars are allowed to descend down up to the parking lot near the ''Skradinski buk''.,True
Krka National Park,other,Roški slap,43.901874,15.976417,"For a waterfall and tripper boats to ''Krka monastery'', and fortresses of ''Trošenj'' and ''Nečven''.",True
Krka National Park,other,Burnum,44.017115,16.015449,For the archeological site of ''Burnum''.,True
Krka National Park,other,Kistanje,43.962164,15.98904,For ''Krka Monastery'' and tripper boats to ''Roški slap'' waterfall and fortresses of ''Trošenj'' and ''Nečven''.,True
Krka National Park,other,Nacionalni park Krka,43.817053,15.923336,,True
Krka National Park,other,Skradin ferry,43.816345,15.922687,Park's ferries run between town of ''Skradin'' and the pier at the {{marker|lat=43.807763|long=15.962443|name=Skradinski buk entrance }}. The boats run every hour from 08:00 (09:00 late autumn or early spring) till 18:00 in summer (finishing earlier other times). Returns are scheduled at 30 min. past every hour. The last departure from ''Skradinski buk'' is 1.5 hour later than the last boat from ''Skradin''.,True
Krka National Park,see,Skradinski buk,43.804801,15.965109,Considered the major attraction of the park. It is a pleasant cascade of lakes and waterfalls which is close to the both main entrances.,True
Krka National Park,see,Visovac,43.861407,15.973713,It's a beautiful island with a Franciscan monastery on it. The monastery is a place of pilgrimage.,True
Krka National Park,see,Roški slap,43.907895,15.977758,,True
Krka National Park,see,Oziđana pećina,43.90754,15.980558,,True
Krka National Park,see,Manastir Krka,43.963168,15.990171,,True
Krka National Park,see,Burnum archaeological site,44.018697,16.018249,Remains of Roman amphitheatre and some other excavations.,True
Krka National Park,see,Burnum - Manojlovac waterfalls,44.015086,16.025727,,True
Krka National Park,do,Swim,43.805385,15.963984,"In the lower lake at the Skradinski buk. Despite being officially designated swimming area it doesn't have anything arranged for that: no changing booths, nothing to safe go down, so be prepared. Otherwise that's apparently a wonderful experience. '''NB:''' Swimming only is allowed at this designated place.",True
Krka National Park,do,Skradinski buk – Visovac island,43.805385,15.963984,"2 hours, including 1/2 hour at Visovac",True
Krka National Park,do,Skradinski buk – Visovac island – Roški slap,43.805385,15.963984,"4 hours, including 1/2 hour at Visovac, 1 hour sightseeing of Roški slap",True
Krka National Park,do,Stinice – Visovac,43.805385,15.963984,"35 min, Visovac (30 min)",True
Krka National Park,do,Remetić– Visovac,43.805385,15.963984,"35 min, Visovac (30 min)",True
Krka National Park,do,Roški slap - Krka monastery - Trošenj - Nečven,43.805385,15.963984,"2.5 hours, Krka monastery (30 min) and view from the boat of Trošenj and Nečven fortresses.",True
Krka National Park,eat,Buffet Kalikuša,43.803138,15.964755,"The location is very touristy. Quality of food and service is rather moderate, but the setting is magnificent: at the site of an old mill next to a small waterfall which used to feed the mill.",True
Krka National Park,eat,Buffet Stari mlin,43.806562,15.96307,,True
Krka National Park,eat,"""Kristijan"" agrotourism",43.902053,15.976398,,True
Roman Empire,other,Pula,44.866667,13.85,"Known for its many surviving ancient Roman buildings, the most famous of which is its 1st-century amphitheater, among the largest surviving Roman arenas in the world.",True
Austro-Hungarian Empire,other,Zagreb,45.8167,15.9833,"Capital of Croatia, which was an autonomous kingdom within the Empire.",True
Unije,see,Church of st Andrew,44.6358,14.2497,Church of st. Andrew originate from 17 century and is dominant landmark of the village with nice white bell tower.,True
Unije,do,Beach,44.63498,14.24733,"altough name of the beach is ""pijesak"" (sand in Croatian language), it is actually pebble stone beach with sand inside the sea. Not so shallow as popular beach on Susak island, but very nice for families and others who enjoy easy access to sea. On other sides of the island there are plenty of rocky beaches with amazingly clear sea, also good for diving and snorkeling.",True
Unije,eat,Kod Barba Ive,44.63678,14.24733,"Very nice restauraunt with fair prices right next to ferry port with various choice of meat and fish dishes, but also very good offer of drinks and coffee. Possible payment by credit card. Very friendly staff.",True
Dugi Otok,other,Turistička Zajednica Dugi Otok,43.937253,15.164866,,True
Dugi Otok,other,Turistička Zajednica mjesta Božava,43.937253,15.164866,,True
Dugi Otok,see,Strašna peć,44.0047,15.038652,A cave between Savar and Luka. In 1904 it was visited by Austro-Hungarian Emperor Franz Joseph.,True
Dugi Otok,see,Crkva Sv. Pelegrina,44.062866,15.023493,A pre-Romanesque church at an islet connected Savar.,True
Dugi Otok,see,Svetište Male Gospe,44.124641,14.915512,"a pilgrimage destination at the mount ''Dumbovica'', close to Dragove.",True
Dugi Otok,see,Saljsko Polje,43.928963,15.169759,over 700 years old olive groves. According to a local legend the trees were planted by the Greeks more than 2000 years ago.,True
Telašćica Nature Park,see,Belvedere Grpašćak,43.904695,15.135158,Even more of magnificent views.,True
Telašćica Nature Park,eat,Taverna Go-Ro,43.927719,15.138774,A restaurant at the bay of ''Magrovica'',True
Kornati National Park,other,Nacionalni park Kornati,43.832886,15.295544,,True
Kornati National Park,see,Krune,43.832886,15.295544,"A geological phenomenon: a rock, ""growing"" out of the sea. Reach up to 100 meters as in the underwater part, and in the freeboard. Hiking on the crowns is prohibited!",True
Kornati National Park,see,Magazinova škrila,43.832886,15.295544,"A flat limestone plateau on the island of Kornat, inclined at an angle of 40°.",True
